policy,months,p_to_bc_input,p_eff_last,phase_last,impact_cum_end,BC_end,FS_end,employees_end,hires_total,A_end,m_end,avg_U,pct_months_U_pos,first_impact_month,fs_ratio_final,fs_target_final,fs_coverage_months_final,p_range_min_final,p_range_max_final,p_dyn_final,phase_final,lambda_in_phase_final
AUTO_p=f(FS),6,0.3,0.06201240214281772,1.0,1214.3219924038544,171.64789412987622,867.3728517170389,2,0,100.12137151348367,25.188716677483573,510.48178886444543,1.0,1.0,3.0,6000.0,0.43368642585851946,0.05,0.15,0.06445621419528398,1.0,0.1445621419528398
AUTO_p=f(FS),12,0.3,0.07688300492322382,1.0,2470.441845324955,399.2029667964895,1764.6013180892535,2,0,100.24692072417044,25.38542394920201,523.4339467022779,1.0,1.0,3.0,6000.0,0.8823006590446267,0.05,0.15,0.07941002196815422,1.0,0.29410021968154226
AUTO_p=f(FS),18,0.3,0.09225408958629414,1.0,3768.63989442057,689.5568235151171,2691.8856388718355,2,0,100.3766756516163,25.59033050928538,536.806052949328,1.0,1.0,3.0,6000.0,1.3459428194359178,0.05,0.15,0.09486476064786392,1.0,0.44864760647863927
AUTO_p=f(FS),24,0.3,0.10812766231286866,1.0,5109.061055285444,1050.229549559212,3649.329325203889,2,0,100.51065078013852,25.803632554175195,550.610859732174,1.0,1.0,3.0,6000.0,1.8246646626019445,0.05,0.15,0.11082215542006482,1.0,0.6082215542006482
AUTO_p=f(FS),60,0.3,0.22892235048349696,2.0,10253.269573548801,3417.86152299973,7323.763981106289,3,1,101.02481455007985,26.63884133951589,400.137667828266,0.7666666666666667,1.0,6.0,18000.0,2.441254660368763,0.05,0.15,0.13137515534562544,1.0,0.8137515534562544
AUTO_p=f(FS),120,0.3,0.22892235048349696,2.0,10253.269573548801,3417.86152299973,7323.763981106289,3,1,101.02481455007985,26.63884133951589,63.563546164440176,0.38333333333333336,1.0,6.0,18000.0,2.441254660368763,0.05,0.15,0.13137515534562544,1.0,0.8137515534562544
